fecha,filas,anomalias,batches,tamano_batch,concurrencia,segundos,filas_por_seg
2026-10-04 12:42:37,1000,14,1064,50,32,1.2,818
2026-10-04 12:51:13,1000000,15176,104909,50,32,166.4,6008
2026-10-05 11:03:01,1000000,15176,104909,50,32,148.0,6759
2026-10-05 11:14:13,1000000,15176,104909,50,32,139.0,7195
2026-10-05 11:18:46,1000000,15176,104909,50,32,145.7,6862
2026-10-05 13:30:30,1000000,15176,104909,50,32,233.4,4285
2026-10-05 13:39:31,1000000,15176,104909,50,32,287.6,3477
2026-10-05 13:43:06,1000000,15176,104909,50,32,194.5,5140
2026-10-05 13:47:21,1000000,15176,104909,50,32,237.0,4220
2026-10-05 13:50:45,1000000,15176,104909,50,32,183.2,5457
2026-10-05 14:03:36,1000000,15176,104909,50,32,186.5,5361
